instant,season,yr,mnth,holiday,weekday,workingday,weathersit,temp,atemp,hum,windspeed,rentals,day
1,1,0,1,0,6,0,2,0.344167,0.363625,0.805833,0.160446,331,1
2,1,0,1,0,0,0,2,0.363478,0.353739,0.696087,0.248539,131,2
3,1,0,1,0,1,1,1,0.196364,0.189405,0.437273,0.248309,120,3
4,1,0,1,0,2,1,1,0.2,0.212122,0.590435,0.160296,108,4
5,1,0,1,0,3,1,1,0.226957,0.22927,0.436957,0.1869,82,5
6,1,0,1,0,4,1,1,0.204348,0.233209,0.518261,0.0895652,88,6
7,1,0,1,0,5,1,2,0.196522,0.208839,0.498696,0.168726,148,7
8,1,0,1,0,6,0,2,0.165,0.162254,0.535833,0.266804,68,8
9,1,0,1,0,0,0,1,0.138333,0.116175,0.434167,0.36195,54,9
10,1,0,1,0,1,1,1,0.150833,0.150888,0.482917,0.223267,41,10
11,1,0,1,0,2,1,2,0.169091,0.191464,0.686364,0.122132,43,11
12,1,0,1,0,3,1,1,0.172727,0.160473,0.599545,0.304627,25,12
13,1,0,1,0,4,1,1,0.165,0.150883,0.470417,0.301,38,13
14,1,0,1,0,5,1,1,0.16087,0.188413,0.537826,0.126548,54,14
15,1,0,1,0,6,0,2,0.233333,0.248112,0.49875,0.157963,222,15
16,1,0,1,0,0,0,1,0.231667,0.234217,0.48375,0.188433,251,16
17,1,0,1,1,1,0,2,0.175833,0.176771,0.5375,0.194017,117,17
18,1,0,1,0,2,1,2,0.216667,0.232333,0.861667,0.146775,9,18
19,1,0,1,0,3,1,2,0.292174,0.298422,0.741739,0.208317,78,19
20,1,0,1,0,4,1,2,0.261667,0.25505,0.538333,0.195904,83,20
21,1,0,1,0,5,1,1,0.1775,0.157833,0.457083,0.353242,75,21
22,1,0,1,0,6,0,1,0.0591304,0.0790696,0.4,0.17197,93,22
23,1,0,1,0,0,0,1,0.0965217,0.0988391,0.436522,0.2466,150,23
24,1,0,1,0,1,1,1,0.0973913,0.11793,0.491739,0.15833,86,24
25,1,0,1,0,2,1,2,0.223478,0.234526,0.616957,0.129796,186,25
26,1,0,1,0,3,1,3,0.2175,0.2036,0.8625,0.29385,34,26
27,1,0,1,0,4,1,1,0.195,0.2197,0.6875,0.113837,15,27
28,1,0,1,0,5,1,2,0.203478,0.223317,0.793043,0.1233,38,28
29,1,0,1,0,6,0,1,0.196522,0.212126,0.651739,0.145365,123,29
30,1,0,1,0,0,0,1,0.216522,0.250322,0.722174,0.0739826,140,30
31,1,0,1,0,1,1,2,0.180833,0.18625,0.60375,0.187192,42,31
32,1,0,2,0,2,1,2,0.192174,0.23453,0.829565,0.053213,47,1
33,1,0,2,0,3,1,2,0.26,0.254417,0.775417,0.264308,72,2
34,1,0,2,0,4,1,1,0.186957,0.177878,0.437826,0.277752,61,3
35,1,0,2,0,5,1,2,0.211304,0.228587,0.585217,0.127839,88,4
36,1,0,2,0,6,0,2,0.233333,0.243058,0.929167,0.161079,100,5
37,1,0,2,0,0,0,1,0.285833,0.291671,0.568333,0.1418,354,6
38,1,0,2,0,1,1,1,0.271667,0.303658,0.738333,0.0454083,120,7
39,1,0,2,0,2,1,1,0.220833,0.198246,0.537917,0.36195,64,8
40,1,0,2,0,3,1,2,0.134783,0.144283,0.494783,0.188839,53,9
41,1,0,2,0,4,1,1,0.144348,0.149548,0.437391,0.221935,47,10
42,1,0,2,0,5,1,1,0.189091,0.213509,0.506364,0.10855,149,11
43,1,0,2,0,6,0,1,0.2225,0.232954,0.544167,0.203367,288,12
44,1,0,2,0,0,0,1,0.316522,0.324113,0.457391,0.260883,397,13
45,1,0,2,0,1,1,1,0.415,0.39835,0.375833,0.417908,208,14
46,1,0,2,0,2,1,1,0.266087,0.254274,0.314348,0.291374,140,15
47,1,0,2,0,3,1,1,0.318261,0.3162,0.423478,0.251791,218,16
48,1,0,2,0,4,1,1,0.435833,0.428658,0.505,0.230104,259,17
49,1,0,2,0,5,1,1,0.521667,0.511983,0.516667,0.264925,579,18
50,1,0,2,0,6,0,1,0.399167,0.391404,0.187917,0.507463,532,19
51,1,0,2,0,0,0,1,0.285217,0.27733,0.407826,0.223235,639,20
52,1,0,2,1,1,0,2,0.303333,0.284075,0.605,0.307846,195,21
53,1,0,2,0,2,1,1,0.182222,0.186033,0.577778,0.195683,74,22
54,1,0,2,0,3,1,1,0.221739,0.245717,0.423043,0.094113,139,23
55,1,0,2,0,4,1,2,0.295652,0.289191,0.697391,0.250496,100,24
56,1,0,2,0,5,1,2,0.364348,0.350461,0.712174,0.346539,120,25
57,1,0,2,0,6,0,1,0.2825,0.282192,0.537917,0.186571,424,26
58,1,0,2,0,0,0,1,0.343478,0.351109,0.68,0.125248,694,27
59,1,0,2,0,1,1,2,0.407273,0.400118,0.876364,0.289686,81,28
60,1,0,3,0,2,1,1,0.266667,0.263879,0.535,0.216425,137,1
61,1,0,3,0,3,1,1,0.335,0.320071,0.449583,0.307833,231,2
62,1,0,3,0,4,1,1,0.198333,0.200133,0.318333,0.225754,123,3
63,1,0,3,0,5,1,2,0.261667,0.255679,0.610417,0.203346,214,4
64,1,0,3,0,6,0,2,0.384167,0.378779,0.789167,0.251871,640,5
65,1,0,3,0,0,0,2,0.376522,0.366252,0.948261,0.343287,114,6
66,1,0,3,0,1,1,1,0.261739,0.238461,0.551304,0.341352,244,7
67,1,0,3,0,2,1,1,0.2925,0.3024,0.420833,0.12065,316,8
68,1,0,3,0,3,1,2,0.295833,0.286608,0.775417,0.22015,191,9
69,1,0,3,0,4,1,3,0.389091,0.385668,0.0,0.261877,46,10
70,1,0,3,0,5,1,2,0.316522,0.305,0.649565,0.23297,247,11
71,1,0,3,0,6,0,1,0.329167,0.32575,0.594583,0.220775,724,12
72,1,0,3,0,0,0,1,0.384348,0.380091,0.527391,0.270604,982,13
73,1,0,3,0,1,1,1,0.325217,0.332,0.496957,0.136926,359,14
74,1,0,3,0,2,1,2,0.317391,0.318178,0.655652,0.184309,289,15
75,1,0,3,0,3,1,2,0.365217,0.36693,0.776522,0.203117,321,16
76,1,0,3,0,4,1,1,0.415,0.410333,0.602917,0.209579,424,17
77,1,0,3,0,5,1,1,0.54,0.527009,0.525217,0.231017,884,18
78,1,0,3,0,6,0,1,0.4725,0.466525,0.379167,0.368167,1424,19
79,1,0,3,0,0,0,1,0.3325,0.32575,0.47375,0.207721,1047,20
80,2,0,3,0,1,1,2,0.430435,0.409735,0.737391,0.288783,401,21
81,2,0,3,0,2,1,1,0.441667,0.440642,0.624583,0.22575,460,22
82,2,0,3,0,3,1,2,0.346957,0.337939,0.839565,0.234261,203,23
83,2,0,3,0,4,1,2,0.285,0.270833,0.805833,0.243787,166,24
84,2,0,3,0,5,1,1,0.264167,0.256312,0.495,0.230725,300,25
85,2,0,3,0,6,0,1,0.265833,0.257571,0.394167,0.209571,981,26
86,2,0,3,0,0,0,2,0.253043,0.250339,0.493913,0.1843,472,27
87,2,0,3,0,1,1,1,0.264348,0.257574,0.302174,0.212204,222,28
88,2,0,3,0,2,1,1,0.3025,0.292908,0.314167,0.226996,317,29
89,2,0,3,0,3,1,2,0.3,0.29735,0.646667,0.172888,168,30
90,2,0,3,0,4,1,3,0.268333,0.257575,0.918333,0.217646,179,31
91,2,0,4,0,5,1,2,0.3,0.283454,0.68625,0.258708,307,1
92,2,0,4,0,6,0,2,0.315,0.315637,0.65375,0.197146,898,2
93,2,0,4,0,0,0,1,0.378333,0.378767,0.48,0.182213,1651,3
94,2,0,4,0,1,1,1,0.573333,0.542929,0.42625,0.385571,734,4
95,2,0,4,0,2,1,2,0.414167,0.39835,0.642083,0.388067,167,5
96,2,0,4,0,3,1,1,0.390833,0.387608,0.470833,0.263063,413,6
97,2,0,4,0,4,1,1,0.4375,0.433696,0.602917,0.162312,571,7
98,2,0,4,0,5,1,2,0.335833,0.324479,0.83625,0.226992,172,8
99,2,0,4,0,6,0,2,0.3425,0.341529,0.8775,0.133083,879,9
100,2,0,4,0,0,0,2,0.426667,0.426737,0.8575,0.146767,1188,10
101,2,0,4,0,1,1,2,0.595652,0.565217,0.716956,0.324474,855,11
102,2,0,4,0,2,1,2,0.5025,0.493054,0.739167,0.274879,257,12
103,2,0,4,0,3,1,2,0.4125,0.417283,0.819167,0.250617,209,13
104,2,0,4,0,4,1,1,0.4675,0.462742,0.540417,0.1107,529,14
105,2,0,4,1,5,0,1,0.446667,0.441913,0.67125,0.226375,642,15
106,2,0,4,0,6,0,3,0.430833,0.425492,0.888333,0.340808,121,16
107,2,0,4,0,0,0,1,0.456667,0.445696,0.479583,0.303496,1558,17
108,2,0,4,0,1,1,1,0.5125,0.503146,0.5425,0.163567,669,18
109,2,0,4,0,2,1,2,0.505833,0.489258,0.665833,0.157971,409,19
110,2,0,4,0,3,1,1,0.595,0.564392,0.614167,0.241925,613,20
111,2,0,4,0,4,1,1,0.459167,0.453892,0.407083,0.325258,745,21
112,2,0,4,0,5,1,2,0.336667,0.321954,0.729583,0.219521,177,22
113,2,0,4,0,6,0,2,0.46,0.450121,0.887917,0.230725,1462,23
114,2,0,4,0,0,0,2,0.581667,0.551763,0.810833,0.192175,1710,24
115,2,0,4,0,1,1,1,0.606667,0.5745,0.776667,0.185333,773,25
116,2,0,4,0,2,1,1,0.631667,0.594083,0.729167,0.3265,678,26
117,2,0,4,0,3,1,2,0.62,0.575142,0.835417,0.3122,547,27
118,2,0,4,0,4,1,2,0.6175,0.578929,0.700833,0.320908,569,28
119,2,0,4,0,5,1,1,0.51,0.497463,0.457083,0.240063,878,29
120,2,0,4,0,6,0,1,0.4725,0.464021,0.503333,0.235075,1965,30
121,2,0,5,0,0,0,2,0.451667,0.448204,0.762083,0.106354,1138,1
122,2,0,5,0,1,1,2,0.549167,0.532833,0.73,0.183454,847,2
123,2,0,5,0,2,1,2,0.616667,0.582079,0.697083,0.342667,603,3
124,2,0,5,0,3,1,2,0.414167,0.40465,0.737083,0.328996,255,4
125,2,0,5,0,4,1,1,0.459167,0.441917,0.444167,0.295392,614,5
126,2,0,5,0,5,1,1,0.479167,0.474117,0.59,0.228246,894,6
127,2,0,5,0,6,0,1,0.52,0.512621,0.54125,0.16045,1612,7
128,2,0,5,0,0,0,1,0.528333,0.518933,0.631667,0.0746375,1401,8
129,2,0,5,0,1,1,1,0.5325,0.525246,0.58875,0.176,664,9
130,2,0,5,0,2,1,1,0.5325,0.522721,0.489167,0.115671,694,10
131,2,0,5,0,3,1,1,0.5425,0.5284,0.632917,0.120642,550,11
132,2,0,5,0,4,1,1,0.535,0.523363,0.7475,0.189667,695,12
133,2,0,5,0,5,1,2,0.5125,0.4943,0.863333,0.179725,692,13
134,2,0,5,0,6,0,2,0.520833,0.500629,0.9225,0.13495,902,14
135,2,0,5,0,0,0,2,0.5625,0.536,0.867083,0.152979,1582,15
136,2,0,5,0,1,1,1,0.5775,0.550512,0.787917,0.126871,773,16
137,2,0,5,0,2,1,2,0.561667,0.538529,0.837917,0.277354,678,17
138,2,0,5,0,3,1,2,0.55,0.527158,0.87,0.201492,536,18
139,2,0,5,0,4,1,2,0.530833,0.510742,0.829583,0.108213,735,19
140,2,0,5,0,5,1,1,0.536667,0.529042,0.719583,0.125013,909,20
141,2,0,5,0,6,0,1,0.6025,0.571975,0.626667,0.12065,2258,21
142,2,0,5,0,0,0,1,0.604167,0.5745,0.749583,0.148008,1576,22
143,2,0,5,0,1,1,2,0.631667,0.590296,0.81,0.233842,836,23
144,2,0,5,0,2,1,2,0.66,0.604813,0.740833,0.207092,659,24
145,2,0,5,0,3,1,1,0.660833,0.615542,0.69625,0.154233,740,25
146,2,0,5,0,4,1,1,0.708333,0.654688,0.6775,0.199642,758,26
147,2,0,5,0,5,1,1,0.681667,0.637008,0.65375,0.240679,871,27
148,2,0,5,0,6,0,1,0.655833,0.612379,0.729583,0.230092,2001,28
149,2,0,5,0,0,0,1,0.6675,0.61555,0.81875,0.213938,2355,29
150,2,0,5,1,1,0,1,0.733333,0.671092,0.685,0.131225,1549,30
151,2,0,5,0,2,1,1,0.775,0.725383,0.636667,0.111329,673,31
152,2,0,6,0,3,1,2,0.764167,0.720967,0.677083,0.207092,513,1
153,2,0,6,0,4,1,1,0.715,0.643942,0.305,0.292287,736,2
154,2,0,6,0,5,1,1,0.62,0.587133,0.354167,0.253121,898,3
155,2,0,6,0,6,0,1,0.635,0.594696,0.45625,0.123142,1869,4
156,2,0,6,0,0,0,2,0.648333,0.616804,0.6525,0.138692,1685,5
157,2,0,6,0,1,1,1,0.678333,0.621858,0.6,0.121896,673,6
158,2,0,6,0,2,1,1,0.7075,0.65595,0.597917,0.187808,763,7
159,2,0,6,0,3,1,1,0.775833,0.727279,0.622083,0.136817,676,8
160,2,0,6,0,4,1,2,0.808333,0.757579,0.568333,0.149883,563,9
161,2,0,6,0,5,1,1,0.755,0.703292,0.605,0.140554,815,10
162,2,0,6,0,6,0,1,0.725,0.678038,0.654583,0.15485,1729,11
163,2,0,6,0,0,0,1,0.6925,0.643325,0.747917,0.163567,1467,12
164,2,0,6,0,1,1,1,0.635,0.601654,0.494583,0.30535,863,13
165,2,0,6,0,2,1,1,0.604167,0.591546,0.507083,0.269283,727,14
166,2,0,6,0,3,1,1,0.626667,0.587754,0.471667,0.167912,769,15
167,2,0,6,0,4,1,2,0.628333,0.595346,0.688333,0.206471,545,16
168,2,0,6,0,5,1,1,0.649167,0.600383,0.735833,0.143029,863,17
169,2,0,6,0,6,0,1,0.696667,0.643954,0.670417,0.119408,1807,18
170,2,0,6,0,0,0,2,0.699167,0.645846,0.666667,0.102,1639,19
171,2,0,6,0,1,1,2,0.635,0.595346,0.74625,0.155475,699,20
172,3,0,6,0,2,1,2,0.680833,0.637646,0.770417,0.171025,774,21
173,3,0,6,0,3,1,1,0.733333,0.693829,0.7075,0.172262,661,22
174,3,0,6,0,4,1,2,0.728333,0.693833,0.703333,0.238804,746,23
175,3,0,6,0,5,1,1,0.724167,0.656583,0.573333,0.222025,969,24
176,3,0,6,0,6,0,1,0.695,0.643313,0.483333,0.209571,1782,25
177,3,0,6,0,0,0,1,0.68,0.637629,0.513333,0.0945333,1920,26
178,3,0,6,0,1,1,2,0.6825,0.637004,0.658333,0.107588,854,27
179,3,0,6,0,2,1,1,0.744167,0.692558,0.634167,0.144283,732,28
180,3,0,6,0,3,1,1,0.728333,0.654688,0.497917,0.261821,848,29
181,3,0,6,0,4,1,1,0.696667,0.637008,0.434167,0.185312,1027,30
182,3,0,7,0,5,1,1,0.7225,0.652162,0.39625,0.102608,1246,1
183,3,0,7,0,6,0,1,0.738333,0.667308,0.444583,0.115062,2204,2
184,3,0,7,0,0,0,2,0.716667,0.668575,0.6825,0.228858,2282,3
185,3,0,7,1,1,0,2,0.726667,0.665417,0.637917,0.0814792,3065,4
186,3,0,7,0,2,1,1,0.746667,0.696338,0.590417,0.126258,1031,5
187,3,0,7,0,3,1,1,0.72,0.685633,0.743333,0.149883,784,6
188,3,0,7,0,4,1,1,0.75,0.686871,0.65125,0.1592,754,7
189,3,0,7,0,5,1,2,0.709167,0.670483,0.757917,0.225129,692,8
190,3,0,7,0,6,0,1,0.733333,0.664158,0.609167,0.167912,1988,9
191,3,0,7,0,0,0,1,0.7475,0.690025,0.578333,0.183471,1743,10
192,3,0,7,0,1,1,1,0.7625,0.729804,0.635833,0.282337,723,11
193,3,0,7,0,2,1,1,0.794167,0.739275,0.559167,0.200254,662,12
194,3,0,7,0,3,1,1,0.746667,0.689404,0.631667,0.146133,748,13
195,3,0,7,0,4,1,1,0.680833,0.635104,0.47625,0.240667,888,14
196,3,0,7,0,5,1,1,0.663333,0.624371,0.59125,0.182833,1318,15
197,3,0,7,0,6,0,1,0.686667,0.638263,0.585,0.208342,2418,16
198,3,0,7,0,0,0,1,0.719167,0.669833,0.604167,0.245033,2006,17
199,3,0,7,0,1,1,1,0.746667,0.703925,0.65125,0.215804,841,18
200,3,0,7,0,2,1,1,0.776667,0.747479,0.650417,0.1306,752,19
201,3,0,7,0,3,1,1,0.768333,0.74685,0.707083,0.113817,644,20
202,3,0,7,0,4,1,2,0.815,0.826371,0.69125,0.222021,632,21
203,3,0,7,0,5,1,1,0.848333,0.840896,0.580417,0.1331,562,22
204,3,0,7,0,6,0,1,0.849167,0.804287,0.5,0.131221,987,23
205,3,0,7,0,0,0,1,0.83,0.794829,0.550833,0.169171,1050,24
206,3,0,7,0,1,1,1,0.743333,0.720958,0.757083,0.0908083,568,25
207,3,0,7,0,2,1,1,0.771667,0.696979,0.540833,0.200258,750,26
208,3,0,7,0,3,1,1,0.775,0.690667,0.402917,0.183463,755,27
209,3,0,7,0,4,1,1,0.779167,0.7399,0.583333,0.178479,606,28
210,3,0,7,0,5,1,1,0.838333,0.785967,0.5425,0.174138,670,29
211,3,0,7,0,6,0,1,0.804167,0.728537,0.465833,0.168537,1559,30
212,3,0,7,0,0,0,1,0.805833,0.729796,0.480833,0.164813,1524,31
213,3,0,8,0,1,1,1,0.771667,0.703292,0.550833,0.156717,729,1
214,3,0,8,0,2,1,1,0.783333,0.707071,0.49125,0.20585,801,2
215,3,0,8,0,3,1,2,0.731667,0.679937,0.6575,0.135583,467,3
216,3,0,8,0,4,1,2,0.71,0.664788,0.7575,0.19715,799,4
217,3,0,8,0,5,1,1,0.710833,0.656567,0.630833,0.184696,1023,5
218,3,0,8,0,6,0,2,0.716667,0.676154,0.755,0.22825,1521,6
219,3,0,8,0,0,0,1,0.7425,0.715292,0.752917,0.201487,1298,7
220,3,0,8,0,1,1,1,0.765,0.703283,0.592083,0.192175,846,8
221,3,0,8,0,2,1,1,0.775,0.724121,0.570417,0.151121,907,9
222,3,0,8,0,3,1,1,0.766667,0.684983,0.424167,0.200258,884,10
223,3,0,8,0,4,1,1,0.7175,0.651521,0.42375,0.164796,812,11
224,3,0,8,0,5,1,1,0.708333,0.654042,0.415,0.125621,1051,12
225,3,0,8,0,6,0,2,0.685833,0.645858,0.729583,0.211454,1504,13
226,3,0,8,0,0,0,2,0.676667,0.624388,0.8175,0.222633,1338,14
227,3,0,8,0,1,1,1,0.665833,0.616167,0.712083,0.208954,775,15
228,3,0,8,0,2,1,1,0.700833,0.645837,0.578333,0.236329,721,16
229,3,0,8,0,3,1,1,0.723333,0.666671,0.575417,0.143667,668,17
230,3,0,8,0,4,1,1,0.711667,0.662258,0.654583,0.233208,639,18
231,3,0,8,0,5,1,2,0.685,0.633221,0.722917,0.139308,797,19
232,3,0,8,0,6,0,1,0.6975,0.648996,0.674167,0.104467,1914,20
233,3,0,8,0,0,0,1,0.710833,0.675525,0.77,0.248754,1249,21
234,3,0,8,0,1,1,1,0.691667,0.638254,0.47,0.27675,833,22
235,3,0,8,0,2,1,1,0.640833,0.606067,0.455417,0.146763,1281,23
236,3,0,8,0,3,1,1,0.673333,0.630692,0.605,0.253108,949,24
237,3,0,8,0,4,1,2,0.684167,0.645854,0.771667,0.210833,435,25
238,3,0,8,0,5,1,1,0.7,0.659733,0.76125,0.0839625,768,26
239,3,0,8,0,6,0,2,0.68,0.635556,0.85,0.375617,226,27
240,3,0,8,0,0,0,1,0.707059,0.647959,0.561765,0.304659,1415,28
241,3,0,8,0,1,1,1,0.636667,0.607958,0.554583,0.159825,729,29
242,3,0,8,0,2,1,1,0.639167,0.594704,0.548333,0.125008,775,30
243,3,0,8,0,3,1,1,0.656667,0.611121,0.597917,0.0833333,688,31
244,3,0,9,0,4,1,1,0.655,0.614921,0.639167,0.141796,783,1
245,3,0,9,0,5,1,2,0.643333,0.604808,0.727083,0.139929,875,2
246,3,0,9,0,6,0,1,0.669167,0.633213,0.716667,0.185325,1935,3
247,3,0,9,0,0,0,1,0.709167,0.665429,0.742083,0.206467,2521,4
248,3,0,9,1,1,0,2,0.673333,0.625646,0.790417,0.212696,1236,5
249,3,0,9,0,2,1,3,0.54,0.5152,0.886957,0.343943,204,6
250,3,0,9,0,3,1,3,0.599167,0.544229,0.917083,0.0970208,118,7
251,3,0,9,0,4,1,3,0.633913,0.555361,0.939565,0.192748,153,8
252,3,0,9,0,5,1,2,0.65,0.578946,0.897917,0.124379,417,9
253,3,0,9,0,6,0,1,0.66,0.607962,0.75375,0.153608,1750,10
254,3,0,9,0,0,0,1,0.653333,0.609229,0.71375,0.115054,1633,11
255,3,0,9,0,1,1,1,0.644348,0.60213,0.692174,0.088913,690,12
256,3,0,9,0,2,1,1,0.650833,0.603554,0.7125,0.141804,701,13
257,3,0,9,0,3,1,1,0.673333,0.6269,0.697083,0.1673,647,14
258,3,0,9,0,4,1,2,0.5775,0.553671,0.709167,0.271146,428,15
259,3,0,9,0,5,1,2,0.469167,0.461475,0.590417,0.164183,742,16
260,3,0,9,0,6,0,2,0.491667,0.478512,0.718333,0.189675,1434,17
261,3,0,9,0,0,0,1,0.5075,0.490537,0.695,0.178483,1353,18
262,3,0,9,0,1,1,2,0.549167,0.529675,0.69,0.151742,691,19
263,3,0,9,0,2,1,2,0.561667,0.532217,0.88125,0.134954,438,20
264,3,0,9,0,3,1,2,0.595,0.550533,0.9,0.0964042,539,21
265,3,0,9,0,4,1,2,0.628333,0.554963,0.902083,0.128125,555,22
266,4,0,9,0,5,1,2,0.609167,0.522125,0.9725,0.0783667,258,23
267,4,0,9,0,6,0,2,0.606667,0.564412,0.8625,0.0783833,1776,24
268,4,0,9,0,0,0,2,0.634167,0.572637,0.845,0.0503792,1544,25
269,4,0,9,0,1,1,2,0.649167,0.589042,0.848333,0.1107,684,26
270,4,0,9,0,2,1,2,0.636667,0.574525,0.885417,0.118171,477,27
271,4,0,9,0,3,1,2,0.635,0.575158,0.84875,0.148629,480,28
272,4,0,9,0,4,1,1,0.616667,0.574512,0.699167,0.172883,653,29
273,4,0,9,0,5,1,1,0.564167,0.544829,0.6475,0.206475,830,30
274,4,0,10,0,6,0,2,0.41,0.412863,0.75375,0.292296,480,1
275,4,0,10,0,0,0,2,0.356667,0.345317,0.791667,0.222013,616,2
276,4,0,10,0,1,1,2,0.384167,0.392046,0.760833,0.0833458,330,3
277,4,0,10,0,2,1,1,0.484167,0.472858,0.71,0.205854,486,4
278,4,0,10,0,3,1,1,0.538333,0.527138,0.647917,0.17725,559,5
279,4,0,10,0,4,1,1,0.494167,0.480425,0.620833,0.134954,639,6
280,4,0,10,0,5,1,1,0.510833,0.504404,0.684167,0.0223917,949,7
281,4,0,10,0,6,0,1,0.521667,0.513242,0.70125,0.0454042,2235,8
282,4,0,10,0,0,0,1,0.540833,0.523983,0.7275,0.06345,2397,9
283,4,0,10,1,1,0,1,0.570833,0.542925,0.73375,0.0423042,1514,10
284,4,0,10,0,2,1,2,0.566667,0.546096,0.80875,0.143042,667,11
285,4,0,10,0,3,1,3,0.543333,0.517717,0.90625,0.24815,217,12
286,4,0,10,0,4,1,2,0.589167,0.551804,0.896667,0.141787,290,13
287,4,0,10,0,5,1,2,0.550833,0.529675,0.71625,0.223883,529,14
288,4,0,10,0,6,0,1,0.506667,0.498725,0.483333,0.258083,1899,15
289,4,0,10,0,0,0,1,0.511667,0.503154,0.486667,0.281717,1748,16
290,4,0,10,0,1,1,1,0.534167,0.510725,0.579583,0.175379,713,17
291,4,0,10,0,2,1,2,0.5325,0.522721,0.701667,0.110087,637,18
292,4,0,10,0,3,1,3,0.541739,0.513848,0.895217,0.243339,254,19
293,4,0,10,0,4,1,1,0.475833,0.466525,0.63625,0.422275,471,20
294,4,0,10,0,5,1,1,0.4275,0.423596,0.574167,0.221396,676,21
295,4,0,10,0,6,0,1,0.4225,0.425492,0.629167,0.0926667,1499,22
296,4,0,10,0,0,0,1,0.421667,0.422333,0.74125,0.0995125,1619,23
297,4,0,10,0,1,1,1,0.463333,0.457067,0.772083,0.118792,699,24
298,4,0,10,0,2,1,1,0.471667,0.463375,0.622917,0.166658,695,25
299,4,0,10,0,3,1,2,0.484167,0.472846,0.720417,0.148642,404,26
300,4,0,10,0,4,1,2,0.47,0.457046,0.812917,0.197763,240,27
301,4,0,10,0,5,1,2,0.330833,0.318812,0.585833,0.229479,456,28
302,4,0,10,0,6,0,3,0.254167,0.227913,0.8825,0.351371,57,29
303,4,0,10,0,0,0,1,0.319167,0.321329,0.62375,0.176617,885,30
304,4,0,10,0,1,1,1,0.34,0.356063,0.703333,0.10635,362,31
305,4,0,11,0,2,1,1,0.400833,0.397088,0.68375,0.135571,410,1
306,4,0,11,0,3,1,1,0.3775,0.390133,0.71875,0.0820917,370,2
307,4,0,11,0,4,1,1,0.408333,0.405921,0.702083,0.136817,318,3
308,4,0,11,0,5,1,2,0.403333,0.403392,0.6225,0.271779,470,4
309,4,0,11,0,6,0,1,0.326667,0.323854,0.519167,0.189062,1156,5
310,4,0,11,0,0,0,1,0.348333,0.362358,0.734583,0.0920542,952,6
311,4,0,11,0,1,1,1,0.395,0.400871,0.75875,0.057225,373,7
312,4,0,11,0,2,1,1,0.408333,0.412246,0.721667,0.0690375,376,8
313,4,0,11,0,3,1,1,0.4,0.409079,0.758333,0.0621958,305,9
314,4,0,11,0,4,1,2,0.38,0.373721,0.813333,0.189067,190,10
315,4,0,11,1,5,0,1,0.324167,0.306817,0.44625,0.314675,440,11
316,4,0,11,0,6,0,1,0.356667,0.357942,0.552917,0.212062,1275,12
317,4,0,11,0,0,0,1,0.440833,0.43055,0.458333,0.281721,1004,13
318,4,0,11,0,1,1,1,0.53,0.524612,0.587083,0.306596,595,14
319,4,0,11,0,2,1,2,0.53,0.507579,0.68875,0.199633,449,15
320,4,0,11,0,3,1,3,0.456667,0.451988,0.93,0.136829,145,16
321,4,0,11,0,4,1,2,0.341667,0.323221,0.575833,0.305362,139,17
322,4,0,11,0,5,1,1,0.274167,0.272721,0.41,0.168533,245,18
323,4,0,11,0,6,0,1,0.329167,0.324483,0.502083,0.224496,943,19
324,4,0,11,0,0,0,2,0.463333,0.457058,0.684583,0.18595,787,20
325,4,0,11,0,1,1,3,0.4475,0.445062,0.91,0.138054,220,21
326,4,0,11,0,2,1,3,0.416667,0.421696,0.9625,0.118792,69,22
327,4,0,11,0,3,1,2,0.440833,0.430537,0.757917,0.335825,112,23
328,4,0,11,1,4,0,1,0.373333,0.372471,0.549167,0.167304,560,24
329,4,0,11,0,5,1,1,0.375,0.380671,0.64375,0.0988958,1095,25
330,4,0,11,0,6,0,1,0.375833,0.385087,0.681667,0.0684208,1249,26
331,4,0,11,0,0,0,1,0.459167,0.4558,0.698333,0.208954,810,27
332,4,0,11,0,1,1,1,0.503478,0.490122,0.743043,0.142122,253,28
333,4,0,11,0,2,1,2,0.458333,0.451375,0.830833,0.258092,96,29
334,4,0,11,0,3,1,1,0.325,0.311221,0.613333,0.271158,188,30
335,4,0,12,0,4,1,1,0.3125,0.305554,0.524583,0.220158,182,1
336,4,0,12,0,5,1,1,0.314167,0.331433,0.625833,0.100754,268,2
337,4,0,12,0,6,0,1,0.299167,0.310604,0.612917,0.0957833,706,3
338,4,0,12,0,0,0,1,0.330833,0.3491,0.775833,0.0839583,634,4
339,4,0,12,0,1,1,2,0.385833,0.393925,0.827083,0.0622083,233,5
340,4,0,12,0,2,1,3,0.4625,0.4564,0.949583,0.232583,126,6
341,4,0,12,0,3,1,3,0.41,0.400246,0.970417,0.266175,50,7
342,4,0,12,0,4,1,1,0.265833,0.256938,0.58,0.240058,150,8
343,4,0,12,0,5,1,1,0.290833,0.317542,0.695833,0.0827167,261,9
344,4,0,12,0,6,0,1,0.275,0.266412,0.5075,0.233221,502,10
345,4,0,12,0,0,0,1,0.220833,0.253154,0.49,0.0665417,377,11
346,4,0,12,0,1,1,1,0.238333,0.270196,0.670833,0.06345,143,12
347,4,0,12,0,2,1,1,0.2825,0.301138,0.59,0.14055,155,13
348,4,0,12,0,3,1,2,0.3175,0.338362,0.66375,0.0609583,178,14
349,4,0,12,0,4,1,2,0.4225,0.412237,0.634167,0.268042,181,15
350,4,0,12,0,5,1,2,0.375,0.359825,0.500417,0.260575,178,16
351,4,0,12,0,6,0,2,0.258333,0.249371,0.560833,0.243167,275,17
352,4,0,12,0,0,0,1,0.238333,0.245579,0.58625,0.169779,220,18
353,4,0,12,0,1,1,1,0.276667,0.280933,0.6375,0.172896,260,19
354,4,0,12,0,2,1,2,0.385833,0.396454,0.595417,0.0615708,216,20
355,1,0,12,0,3,1,2,0.428333,0.428017,0.858333,0.2214,107,21
356,1,0,12,0,4,1,2,0.423333,0.426121,0.7575,0.047275,227,22
357,1,0,12,0,5,1,1,0.373333,0.377513,0.68625,0.274246,163,23
358,1,0,12,0,6,0,1,0.3025,0.299242,0.5425,0.190304,155,24
359,1,0,12,0,0,0,1,0.274783,0.279961,0.681304,0.155091,303,25
360,1,0,12,1,1,0,1,0.321739,0.315535,0.506957,0.239465,430,26
361,1,0,12,0,2,1,2,0.325,0.327633,0.7625,0.18845,103,27
362,1,0,12,0,3,1,1,0.29913,0.279974,0.503913,0.293961,255,28
363,1,0,12,0,4,1,1,0.248333,0.263892,0.574167,0.119412,254,29
364,1,0,12,0,5,1,1,0.311667,0.318812,0.636667,0.134337,491,30
365,1,0,12,0,6,0,1,0.41,0.414121,0.615833,0.220154,665,31
366,1,1,1,0,0,0,1,0.37,0.375621,0.6925,0.192167,686,1
367,1,1,1,1,1,0,1,0.273043,0.252304,0.381304,0.329665,244,2
368,1,1,1,0,2,1,1,0.15,0.126275,0.44125,0.365671,89,3
369,1,1,1,0,3,1,2,0.1075,0.119337,0.414583,0.1847,95,4
370,1,1,1,0,4,1,1,0.265833,0.278412,0.524167,0.129987,140,5
371,1,1,1,0,5,1,1,0.334167,0.340267,0.542083,0.167908,307,6
372,1,1,1,0,6,0,1,0.393333,0.390779,0.531667,0.174758,1070,7
373,1,1,1,0,0,0,1,0.3375,0.340258,0.465,0.191542,599,8
374,1,1,1,0,1,1,2,0.224167,0.247479,0.701667,0.0989,106,9
375,1,1,1,0,2,1,1,0.308696,0.318826,0.646522,0.187552,173,10
376,1,1,1,0,3,1,2,0.274167,0.282821,0.8475,0.131221,92,11
377,1,1,1,0,4,1,2,0.3825,0.381938,0.802917,0.180967,269,12
378,1,1,1,0,5,1,1,0.274167,0.249362,0.5075,0.378108,174,13
379,1,1,1,0,6,0,1,0.18,0.183087,0.4575,0.187183,333,14
380,1,1,1,0,0,0,1,0.166667,0.161625,0.419167,0.251258,284,15
381,1,1,1,1,1,0,1,0.19,0.190663,0.5225,0.231358,217,16
382,1,1,1,0,2,1,2,0.373043,0.364278,0.716087,0.34913,127,17
383,1,1,1,0,3,1,1,0.303333,0.275254,0.443333,0.415429,109,18
384,1,1,1,0,4,1,1,0.19,0.190038,0.4975,0.220158,130,19
385,1,1,1,0,5,1,2,0.2175,0.220958,0.45,0.20275,115,20
386,1,1,1,0,6,0,2,0.173333,0.174875,0.83125,0.222642,67,21
387,1,1,1,0,0,0,2,0.1625,0.16225,0.79625,0.199638,196,22
388,1,1,1,0,1,1,2,0.218333,0.243058,0.91125,0.110708,145,23
389,1,1,1,0,2,1,1,0.3425,0.349108,0.835833,0.123767,439,24
390,1,1,1,0,3,1,1,0.294167,0.294821,0.64375,0.161071,467,25
391,1,1,1,0,4,1,2,0.341667,0.35605,0.769583,0.0733958,244,26
392,1,1,1,0,5,1,2,0.425,0.415383,0.74125,0.342667,269,27
393,1,1,1,0,6,0,1,0.315833,0.326379,0.543333,0.210829,775,28
394,1,1,1,0,0,0,1,0.2825,0.272721,0.31125,0.24005,558,29
395,1,1,1,0,1,1,1,0.269167,0.262625,0.400833,0.215792,126,30
396,1,1,1,0,2,1,1,0.39,0.381317,0.416667,0.261817,324,31
397,1,1,2,0,3,1,1,0.469167,0.466538,0.507917,0.189067,304,1
398,1,1,2,0,4,1,2,0.399167,0.398971,0.672917,0.187187,190,2
399,1,1,2,0,5,1,1,0.313333,0.309346,0.526667,0.178496,310,3
400,1,1,2,0,6,0,2,0.264167,0.272725,0.779583,0.121896,384,4
401,1,1,2,0,0,0,2,0.265833,0.264521,0.687917,0.175996,318,5
402,1,1,2,0,1,1,1,0.282609,0.296426,0.622174,0.1538,206,6
403,1,1,2,0,2,1,1,0.354167,0.361104,0.49625,0.147379,199,7
404,1,1,2,0,3,1,2,0.256667,0.266421,0.722917,0.133721,109,8
405,1,1,2,0,4,1,1,0.265,0.261988,0.562083,0.194037,163,9
406,1,1,2,0,5,1,2,0.280833,0.293558,0.54,0.116929,227,10
407,1,1,2,0,6,0,3,0.224167,0.210867,0.73125,0.289796,192,11
408,1,1,2,0,0,0,1,0.1275,0.101658,0.464583,0.409212,73,12
409,1,1,2,0,1,1,1,0.2225,0.227913,0.41125,0.167283,94,13
410,1,1,2,0,2,1,2,0.319167,0.333946,0.50875,0.141179,135,14
411,1,1,2,0,3,1,1,0.348333,0.351629,0.53125,0.1816,141,15
412,1,1,2,0,4,1,2,0.316667,0.330162,0.752917,0.091425,74,16
413,1,1,2,0,5,1,1,0.343333,0.351629,0.634583,0.205846,349,17
414,1,1,2,0,6,0,1,0.346667,0.355425,0.534583,0.190929,1435,18
415,1,1,2,0,0,0,2,0.28,0.265788,0.515833,0.253112,618,19
416,1,1,2,1,1,0,1,0.28,0.273391,0.507826,0.229083,502,20
417,1,1,2,0,2,1,1,0.287826,0.295113,0.594348,0.205717,163,21
418,1,1,2,0,3,1,1,0.395833,0.392667,0.567917,0.234471,394,22
419,1,1,2,0,4,1,1,0.454167,0.444446,0.554583,0.190913,516,23
420,1,1,2,0,5,1,2,0.4075,0.410971,0.7375,0.237567,246,24
421,1,1,2,0,6,0,1,0.290833,0.255675,0.395833,0.421642,317,25
422,1,1,2,0,0,0,1,0.279167,0.268308,0.41,0.205229,515,26
423,1,1,2,0,1,1,1,0.366667,0.357954,0.490833,0.268033,253,27
424,1,1,2,0,2,1,1,0.359167,0.353525,0.395833,0.193417,229,28
425,1,1,2,0,3,1,2,0.344348,0.34847,0.804783,0.179117,65,29
426,1,1,3,0,4,1,1,0.485833,0.475371,0.615417,0.226987,325,1
427,1,1,3,0,5,1,2,0.353333,0.359842,0.657083,0.144904,246,2
428,1,1,3,0,6,0,2,0.414167,0.413492,0.62125,0.161079,956,3
429,1,1,3,0,0,0,1,0.325833,0.303021,0.403333,0.334571,710,4
430,1,1,3,0,1,1,1,0.243333,0.241171,0.50625,0.228858,203,5
431,1,1,3,0,2,1,1,0.258333,0.255042,0.456667,0.200875,221,6
432,1,1,3,0,3,1,1,0.404167,0.3851,0.513333,0.345779,432,7
433,1,1,3,0,4,1,1,0.5275,0.524604,0.5675,0.441563,486,8
434,1,1,3,0,5,1,2,0.410833,0.397083,0.407083,0.4148,447,9
435,1,1,3,0,6,0,1,0.2875,0.277767,0.350417,0.22575,968,10
436,1,1,3,0,0,0,1,0.361739,0.35967,0.476957,0.222587,1658,11
437,1,1,3,0,1,1,1,0.466667,0.459592,0.489167,0.207713,838,12
438,1,1,3,0,2,1,1,0.565,0.542929,0.6175,0.23695,762,13
439,1,1,3,0,3,1,1,0.5725,0.548617,0.507083,0.115062,997,14
440,1,1,3,0,4,1,1,0.5575,0.532825,0.579583,0.149883,1005,15
441,1,1,3,0,5,1,2,0.435833,0.436229,0.842083,0.113192,548,16
442,1,1,3,0,6,0,2,0.514167,0.505046,0.755833,0.110704,3155,17
443,1,1,3,0,0,0,2,0.4725,0.464,0.81,0.126883,2207,18
444,1,1,3,0,1,1,1,0.545,0.532821,0.72875,0.162317,982,19
445,1,1,3,0,2,1,1,0.560833,0.538533,0.807917,0.121271,1051,20
446,2,1,3,0,3,1,2,0.531667,0.513258,0.82125,0.0895583,1122,21
447,2,1,3,0,4,1,1,0.554167,0.531567,0.83125,0.117562,1334,22
448,2,1,3,0,5,1,2,0.601667,0.570067,0.694167,0.1163,2469,23
449,2,1,3,0,6,0,2,0.5025,0.486733,0.885417,0.192783,1033,24
450,2,1,3,0,0,0,2,0.4375,0.437488,0.880833,0.220775,1532,25
451,2,1,3,0,1,1,1,0.445833,0.43875,0.477917,0.386821,795,26
452,2,1,3,0,2,1,1,0.323333,0.315654,0.29,0.187192,531,27
453,2,1,3,0,3,1,1,0.484167,0.47095,0.48125,0.291671,674,28
454,2,1,3,0,4,1,1,0.494167,0.482304,0.439167,0.31965,834,29
455,2,1,3,0,5,1,2,0.37,0.375621,0.580833,0.138067,796,30
456,2,1,3,0,6,0,2,0.424167,0.421708,0.738333,0.250617,2301,31
457,2,1,4,0,0,0,2,0.425833,0.417287,0.67625,0.172267,2347,1
458,2,1,4,0,1,1,1,0.433913,0.427513,0.504348,0.312139,1208,2
459,2,1,4,0,2,1,1,0.466667,0.461483,0.396667,0.100133,1348,3
460,2,1,4,0,3,1,1,0.541667,0.53345,0.469583,0.180975,1058,4
461,2,1,4,0,4,1,1,0.435,0.431163,0.374167,0.219529,1192,5
462,2,1,4,0,5,1,1,0.403333,0.390767,0.377083,0.300388,1807,6
463,2,1,4,0,6,0,1,0.4375,0.426129,0.254167,0.274871,3252,7
464,2,1,4,0,0,0,1,0.5,0.492425,0.275833,0.232596,2230,8
465,2,1,4,0,1,1,1,0.489167,0.476638,0.3175,0.358196,905,9
466,2,1,4,0,2,1,1,0.446667,0.436233,0.435,0.249375,819,10
467,2,1,4,0,3,1,1,0.348696,0.337274,0.469565,0.295274,482,11
468,2,1,4,0,4,1,1,0.3975,0.387604,0.46625,0.290429,663,12
469,2,1,4,0,5,1,1,0.4425,0.431808,0.408333,0.155471,1252,13
470,2,1,4,0,6,0,1,0.495,0.487996,0.502917,0.190917,2795,14
471,2,1,4,0,0,0,1,0.606667,0.573875,0.507917,0.225129,2846,15
472,2,1,4,1,1,0,1,0.664167,0.614925,0.561667,0.284829,1198,16
473,2,1,4,0,2,1,1,0.608333,0.598487,0.390417,0.273629,989,17
474,2,1,4,0,3,1,2,0.463333,0.457038,0.569167,0.167912,347,18
475,2,1,4,0,4,1,1,0.498333,0.493046,0.6125,0.0659292,846,19
476,2,1,4,0,5,1,1,0.526667,0.515775,0.694583,0.149871,1340,20
477,2,1,4,0,6,0,1,0.57,0.542921,0.682917,0.283587,2541,21
478,2,1,4,0,0,0,3,0.396667,0.389504,0.835417,0.344546,120,22
479,2,1,4,0,1,1,2,0.321667,0.301125,0.766667,0.303496,195,23
480,2,1,4,0,2,1,1,0.413333,0.405283,0.454167,0.249383,518,24
481,2,1,4,0,3,1,1,0.476667,0.470317,0.427917,0.118792,655,25
482,2,1,4,0,4,1,2,0.498333,0.483583,0.756667,0.176625,475,26
483,2,1,4,0,5,1,1,0.4575,0.452637,0.400833,0.347633,1014,27
484,2,1,4,0,6,0,2,0.376667,0.377504,0.489583,0.129975,1120,28
485,2,1,4,0,0,0,1,0.458333,0.450121,0.587083,0.116908,2229,29
486,2,1,4,0,1,1,2,0.464167,0.457696,0.57,0.171638,665,30
487,2,1,5,0,2,1,2,0.613333,0.577021,0.659583,0.156096,653,1
488,2,1,5,0,3,1,1,0.564167,0.537896,0.797083,0.138058,667,2
489,2,1,5,0,4,1,2,0.56,0.537242,0.768333,0.133696,764,3
490,2,1,5,0,5,1,1,0.6275,0.590917,0.735417,0.162938,1069,4
491,2,1,5,0,6,0,2,0.621667,0.584608,0.756667,0.152992,2496,5
492,2,1,5,0,0,0,2,0.5625,0.546737,0.74,0.149879,2135,6
493,2,1,5,0,1,1,2,0.5375,0.527142,0.664167,0.230721,1008,7
494,2,1,5,0,2,1,2,0.581667,0.557471,0.685833,0.296029,738,8
495,2,1,5,0,3,1,2,0.575,0.553025,0.744167,0.216412,620,9
496,2,1,5,0,4,1,1,0.505833,0.491783,0.552083,0.314063,1026,10
497,2,1,5,0,5,1,1,0.533333,0.520833,0.360417,0.236937,1319,11
498,2,1,5,0,6,0,1,0.564167,0.544817,0.480417,0.123133,2622,12
499,2,1,5,0,0,0,1,0.6125,0.585238,0.57625,0.225117,2172,13
500,2,1,5,0,1,1,2,0.573333,0.5499,0.789583,0.212692,342,14
501,2,1,5,0,2,1,2,0.611667,0.576404,0.794583,0.147392,625,15
502,2,1,5,0,3,1,1,0.636667,0.595975,0.697917,0.122512,991,16
503,2,1,5,0,4,1,1,0.593333,0.572613,0.52,0.229475,1242,17
504,2,1,5,0,5,1,1,0.564167,0.551121,0.523333,0.136817,1521,18
505,2,1,5,0,6,0,1,0.6,0.566908,0.45625,0.083975,3410,19
506,2,1,5,0,0,0,1,0.620833,0.583967,0.530417,0.254367,2704,20
507,2,1,5,0,1,1,2,0.598333,0.565667,0.81125,0.233204,630,21
508,2,1,5,0,2,1,2,0.615,0.580825,0.765833,0.118167,819,22
509,2,1,5,0,3,1,2,0.621667,0.584612,0.774583,0.102,766,23
510,2,1,5,0,4,1,1,0.655,0.6067,0.716667,0.172896,1059,24
511,2,1,5,0,5,1,1,0.68,0.627529,0.747083,0.14055,1417,25
512,2,1,5,0,6,0,1,0.6925,0.642696,0.7325,0.198992,2855,26
513,2,1,5,0,0,0,1,0.69,0.641425,0.697083,0.215171,3283,27
514,2,1,5,1,1,0,1,0.7125,0.6793,0.67625,0.196521,2557,28
515,2,1,5,0,2,1,1,0.7225,0.672992,0.684583,0.2954,880,29
516,2,1,5,0,3,1,2,0.656667,0.611129,0.67,0.134329,745,30
517,2,1,5,0,4,1,1,0.68,0.631329,0.492917,0.195279,1100,31
518,2,1,6,0,5,1,2,0.654167,0.607962,0.755417,0.237563,533,1
519,2,1,6,0,6,0,1,0.583333,0.566288,0.549167,0.186562,2795,2
520,2,1,6,0,0,0,1,0.6025,0.575133,0.493333,0.184087,2494,3
521,2,1,6,0,1,1,1,0.5975,0.578283,0.487083,0.284833,1071,4
522,2,1,6,0,2,1,2,0.540833,0.525892,0.613333,0.209575,968,5
523,2,1,6,0,3,1,1,0.554167,0.542292,0.61125,0.077125,1027,6
524,2,1,6,0,4,1,1,0.6025,0.569442,0.567083,0.15735,1038,7
525,2,1,6,0,5,1,1,0.649167,0.597862,0.467917,0.175383,1488,8
526,2,1,6,0,6,0,1,0.710833,0.648367,0.437083,0.144287,2708,9
527,2,1,6,0,0,0,1,0.726667,0.663517,0.538333,0.133721,2224,10
528,2,1,6,0,1,1,2,0.720833,0.659721,0.587917,0.207713,1017,11
529,2,1,6,0,2,1,2,0.653333,0.597875,0.833333,0.214546,477,12
530,2,1,6,0,3,1,1,0.655833,0.611117,0.582083,0.343279,1173,13
531,2,1,6,0,4,1,1,0.648333,0.624383,0.569583,0.253733,1180,14
532,2,1,6,0,5,1,1,0.639167,0.599754,0.589583,0.176617,1563,15
533,2,1,6,0,6,0,1,0.631667,0.594708,0.504167,0.166667,2963,16
534,2,1,6,0,0,0,1,0.5925,0.571975,0.59875,0.144904,2634,17
535,2,1,6,0,1,1,2,0.568333,0.544842,0.777917,0.174746,653,18
536,2,1,6,0,2,1,1,0.688333,0.654692,0.69,0.148017,968,19
537,2,1,6,0,3,1,1,0.7825,0.720975,0.592083,0.113812,872,20
538,3,1,6,0,4,1,1,0.805833,0.752542,0.567917,0.118787,778,21
539,3,1,6,0,5,1,1,0.7775,0.724121,0.57375,0.182842,964,22
540,3,1,6,0,6,0,1,0.731667,0.652792,0.534583,0.179721,2657,23
541,3,1,6,0,0,0,1,0.743333,0.674254,0.479167,0.145525,2551,24
542,3,1,6,0,1,1,1,0.715833,0.654042,0.504167,0.300383,1139,25
543,3,1,6,0,2,1,1,0.630833,0.594704,0.373333,0.347642,1077,26
544,3,1,6,0,3,1,1,0.6975,0.640792,0.36,0.271775,1077,27
545,3,1,6,0,4,1,1,0.749167,0.675512,0.4225,0.17165,921,28
546,3,1,6,0,5,1,1,0.834167,0.786613,0.48875,0.165417,829,29
547,3,1,6,0,6,0,1,0.765,0.687508,0.60125,0.161071,1455,30
548,3,1,7,0,0,0,1,0.815833,0.750629,0.51875,0.168529,1421,1
549,3,1,7,0,1,1,1,0.781667,0.702038,0.447083,0.195267,904,2
550,3,1,7,0,2,1,1,0.780833,0.70265,0.492083,0.126237,1052,3
551,3,1,7,1,3,0,1,0.789167,0.732337,0.53875,0.13495,2562,4
552,3,1,7,0,4,1,1,0.8275,0.761367,0.457917,0.194029,1405,5
553,3,1,7,0,5,1,1,0.828333,0.752533,0.450833,0.146142,1366,6
554,3,1,7,0,6,0,1,0.861667,0.804913,0.492083,0.163554,1448,7
555,3,1,7,0,0,0,1,0.8225,0.790396,0.57375,0.125629,1203,8
556,3,1,7,0,1,1,2,0.710833,0.654054,0.683333,0.180975,998,9
557,3,1,7,0,2,1,2,0.720833,0.664796,0.6675,0.151737,954,10
558,3,1,7,0,3,1,1,0.716667,0.650271,0.633333,0.151733,975,11
559,3,1,7,0,4,1,1,0.715833,0.654683,0.529583,0.146775,1032,12
560,3,1,7,0,5,1,2,0.731667,0.667933,0.485833,0.08085,1511,13
561,3,1,7,0,6,0,2,0.703333,0.666042,0.699167,0.143679,2355,14
562,3,1,7,0,0,0,1,0.745833,0.705196,0.717917,0.166667,1920,15
563,3,1,7,0,1,1,1,0.763333,0.724125,0.645,0.164187,1088,16
564,3,1,7,0,2,1,1,0.818333,0.755683,0.505833,0.114429,921,17
565,3,1,7,0,3,1,1,0.793333,0.745583,0.577083,0.137442,799,18
566,3,1,7,0,4,1,1,0.77,0.714642,0.600417,0.165429,888,19
567,3,1,7,0,5,1,2,0.665833,0.613025,0.844167,0.208967,747,20
568,3,1,7,0,6,0,3,0.595833,0.549912,0.865417,0.2133,1264,21
569,3,1,7,0,0,0,2,0.6675,0.623125,0.7625,0.0939208,2544,22
570,3,1,7,0,1,1,1,0.741667,0.690017,0.694167,0.138683,1135,23
571,3,1,7,0,2,1,1,0.750833,0.70645,0.655,0.211454,1140,24
572,3,1,7,0,3,1,1,0.724167,0.654054,0.45,0.1648,1383,25
573,3,1,7,0,4,1,1,0.776667,0.739263,0.596667,0.284813,1036,26
574,3,1,7,0,5,1,1,0.781667,0.734217,0.594583,0.152992,1259,27
575,3,1,7,0,6,0,1,0.755833,0.697604,0.613333,0.15735,2234,28
576,3,1,7,0,0,0,1,0.721667,0.667933,0.62375,0.170396,2153,29
577,3,1,7,0,1,1,1,0.730833,0.684987,0.66875,0.153617,1040,30
578,3,1,7,0,2,1,1,0.713333,0.662896,0.704167,0.165425,968,31
579,3,1,8,0,3,1,1,0.7175,0.667308,0.6775,0.141179,1074,1
580,3,1,8,0,4,1,1,0.7525,0.707088,0.659583,0.129354,983,2
581,3,1,8,0,5,1,2,0.765833,0.722867,0.6425,0.215792,1328,3
582,3,1,8,0,6,0,1,0.793333,0.751267,0.613333,0.257458,2345,4
583,3,1,8,0,0,0,1,0.769167,0.731079,0.6525,0.290421,1707,5
584,3,1,8,0,1,1,2,0.7525,0.710246,0.654167,0.129354,1233,6
585,3,1,8,0,2,1,2,0.735833,0.697621,0.70375,0.116908,1278,7
586,3,1,8,0,3,1,2,0.75,0.707717,0.672917,0.1107,1263,8
587,3,1,8,0,4,1,1,0.755833,0.699508,0.620417,0.1561,1196,9
588,3,1,8,0,5,1,2,0.715833,0.667942,0.715833,0.238813,1065,10
589,3,1,8,0,6,0,2,0.6925,0.638267,0.732917,0.206479,2247,11
590,3,1,8,0,0,0,1,0.700833,0.644579,0.530417,0.122512,2182,12
591,3,1,8,0,1,1,1,0.720833,0.662254,0.545417,0.136212,1207,13
592,3,1,8,0,2,1,1,0.726667,0.676779,0.686667,0.169158,1128,14
593,3,1,8,0,3,1,1,0.706667,0.654037,0.619583,0.169771,1198,15
594,3,1,8,0,4,1,1,0.719167,0.654688,0.519167,0.141796,1338,16
595,3,1,8,0,5,1,1,0.723333,0.2424,0.570833,0.231354,1483,17
596,3,1,8,0,6,0,1,0.678333,0.618071,0.603333,0.177867,2827,18
597,3,1,8,0,0,0,2,0.635833,0.603554,0.711667,0.08645,1208,19
598,3,1,8,0,1,1,2,0.635833,0.595967,0.734167,0.129979,1026,20
599,3,1,8,0,2,1,1,0.649167,0.601025,0.67375,0.0727708,1081,21
600,3,1,8,0,3,1,1,0.6675,0.621854,0.677083,0.0702833,1094,22
601,3,1,8,0,4,1,1,0.695833,0.637008,0.635833,0.0845958,1363,23
602,3,1,8,0,5,1,2,0.7025,0.6471,0.615,0.0721458,1325,24
603,3,1,8,0,6,0,2,0.661667,0.618696,0.712917,0.244408,1829,25
604,3,1,8,0,0,0,2,0.653333,0.595996,0.845833,0.228858,1483,26
605,3,1,8,0,1,1,1,0.703333,0.654688,0.730417,0.128733,989,27
606,3,1,8,0,2,1,1,0.728333,0.66605,0.62,0.190925,935,28
607,3,1,8,0,3,1,1,0.685,0.635733,0.552083,0.112562,1177,29
608,3,1,8,0,4,1,1,0.706667,0.652779,0.590417,0.0771167,1172,30
609,3,1,8,0,5,1,1,0.764167,0.6894,0.5875,0.168533,1433,31
610,3,1,9,0,6,0,2,0.753333,0.702654,0.638333,0.113187,2352,1
611,3,1,9,0,0,0,2,0.696667,0.649,0.815,0.0640708,2613,2
612,3,1,9,1,1,0,1,0.7075,0.661629,0.790833,0.151121,1965,3
613,3,1,9,0,2,1,1,0.725833,0.686888,0.755,0.236321,867,4
614,3,1,9,0,3,1,1,0.736667,0.708983,0.74125,0.187808,832,5
615,3,1,9,0,4,1,2,0.696667,0.655329,0.810417,0.142421,611,6
616,3,1,9,0,5,1,1,0.703333,0.657204,0.73625,0.171646,1045,7
617,3,1,9,0,6,0,2,0.659167,0.611121,0.799167,0.281104,1557,8
618,3,1,9,0,0,0,1,0.61,0.578925,0.5475,0.224496,2570,9
619,3,1,9,0,1,1,1,0.583333,0.565654,0.50375,0.258713,1118,10
620,3,1,9,0,2,1,1,0.5775,0.554292,0.52,0.0920542,1070,11
621,3,1,9,0,3,1,1,0.599167,0.570075,0.577083,0.131846,1050,12
622,3,1,9,0,4,1,1,0.6125,0.579558,0.637083,0.0827208,1054,13
623,3,1,9,0,5,1,1,0.633333,0.594083,0.6725,0.103863,1379,14
624,3,1,9,0,6,0,1,0.608333,0.585867,0.501667,0.247521,3160,15
625,3,1,9,0,0,0,1,0.58,0.563125,0.57,0.0901833,2166,16
626,3,1,9,0,1,1,2,0.580833,0.55305,0.734583,0.151742,1022,17
627,3,1,9,0,2,1,2,0.623333,0.565067,0.8725,0.357587,371,18
628,3,1,9,0,3,1,1,0.5525,0.540404,0.536667,0.215175,788,19
629,3,1,9,0,4,1,1,0.546667,0.532192,0.618333,0.118167,939,20
630,3,1,9,0,5,1,1,0.599167,0.571971,0.66875,0.154229,1250,21
631,3,1,9,0,6,0,1,0.65,0.610488,0.646667,0.283583,2512,22
632,4,1,9,0,0,0,1,0.529167,0.518933,0.467083,0.223258,2454,23
633,4,1,9,0,1,1,1,0.514167,0.502513,0.492917,0.142404,1001,24
634,4,1,9,0,2,1,1,0.55,0.544179,0.57,0.236321,845,25
635,4,1,9,0,3,1,1,0.635,0.596613,0.630833,0.2444,787,26
636,4,1,9,0,4,1,2,0.65,0.607975,0.690833,0.134342,751,27
637,4,1,9,0,5,1,2,0.619167,0.585863,0.69,0.164179,1045,28
638,4,1,9,0,6,0,1,0.5425,0.530296,0.542917,0.227604,2589,29
639,4,1,9,0,0,0,1,0.526667,0.517663,0.583333,0.134958,2015,30
640,4,1,10,0,1,1,2,0.520833,0.512,0.649167,0.0908042,763,1
641,4,1,10,0,2,1,3,0.590833,0.542333,0.871667,0.104475,315,2
642,4,1,10,0,3,1,2,0.6575,0.599133,0.79375,0.0665458,728,3
643,4,1,10,0,4,1,2,0.6575,0.607975,0.722917,0.117546,891,4
644,4,1,10,0,5,1,1,0.615,0.580187,0.6275,0.10635,1516,5
645,4,1,10,0,6,0,1,0.554167,0.538521,0.664167,0.268025,3031,6
646,4,1,10,0,0,0,2,0.415833,0.419813,0.708333,0.141162,781,7
647,4,1,10,1,1,0,2,0.383333,0.387608,0.709583,0.189679,874,8
648,4,1,10,0,2,1,2,0.446667,0.438112,0.761667,0.1903,601,9
649,4,1,10,0,3,1,1,0.514167,0.503142,0.630833,0.187821,780,10
650,4,1,10,0,4,1,1,0.435,0.431167,0.463333,0.181596,834,11
651,4,1,10,0,5,1,1,0.4375,0.433071,0.539167,0.235092,1060,12
652,4,1,10,0,6,0,1,0.393333,0.391396,0.494583,0.146142,2252,13
653,4,1,10,0,0,0,1,0.521667,0.508204,0.640417,0.278612,2080,14
654,4,1,10,0,1,1,2,0.561667,0.53915,0.7075,0.296037,760,15
655,4,1,10,0,2,1,1,0.468333,0.460846,0.558333,0.182221,922,16
656,4,1,10,0,3,1,1,0.455833,0.450108,0.692917,0.101371,979,17
657,4,1,10,0,4,1,2,0.5225,0.512625,0.728333,0.236937,1008,18
658,4,1,10,0,5,1,2,0.563333,0.537896,0.815,0.134954,753,19
659,4,1,10,0,6,0,1,0.484167,0.472842,0.572917,0.117537,2806,20
660,4,1,10,0,0,0,1,0.464167,0.456429,0.51,0.166054,2132,21
661,4,1,10,0,1,1,1,0.4875,0.482942,0.568333,0.0814833,830,22
662,4,1,10,0,2,1,1,0.544167,0.530304,0.641667,0.0945458,841,23
663,4,1,10,0,3,1,1,0.5875,0.558721,0.63625,0.0727792,795,24
664,4,1,10,0,4,1,2,0.55,0.529688,0.800417,0.124375,875,25
665,4,1,10,0,5,1,2,0.545833,0.52275,0.807083,0.132467,1182,26
666,4,1,10,0,6,0,2,0.53,0.515133,0.72,0.235692,2643,27
667,4,1,10,0,0,0,2,0.4775,0.467771,0.694583,0.398008,998,28
668,4,1,10,0,1,1,3,0.44,0.4394,0.88,0.3582,2,29
669,4,1,10,0,2,1,2,0.318182,0.309909,0.825455,0.213009,87,30
670,4,1,10,0,3,1,2,0.3575,0.3611,0.666667,0.166667,419,31
671,4,1,11,0,4,1,2,0.365833,0.369942,0.581667,0.157346,466,1
672,4,1,11,0,5,1,1,0.355,0.356042,0.522083,0.266175,618,2
673,4,1,11,0,6,0,2,0.343333,0.323846,0.49125,0.270529,1029,3
674,4,1,11,0,0,0,1,0.325833,0.329538,0.532917,0.179108,1201,4
675,4,1,11,0,1,1,1,0.319167,0.308075,0.494167,0.236325,378,5
676,4,1,11,0,2,1,1,0.280833,0.281567,0.567083,0.173513,466,6
677,4,1,11,0,3,1,2,0.295833,0.274621,0.5475,0.304108,326,7
678,4,1,11,0,4,1,1,0.352174,0.341891,0.333478,0.347835,340,8
679,4,1,11,0,5,1,1,0.361667,0.355413,0.540833,0.214558,709,9
680,4,1,11,0,6,0,1,0.389167,0.393937,0.645417,0.0578458,2090,10
681,4,1,11,0,0,0,1,0.420833,0.421713,0.659167,0.1275,2290,11
682,4,1,11,1,1,0,1,0.485,0.475383,0.741667,0.173517,1097,12
683,4,1,11,0,2,1,2,0.343333,0.323225,0.662917,0.342046,327,13
684,4,1,11,0,3,1,1,0.289167,0.281563,0.552083,0.199625,373,14
685,4,1,11,0,4,1,2,0.321667,0.324492,0.620417,0.152987,320,15
686,4,1,11,0,5,1,1,0.345,0.347204,0.524583,0.171025,484,16
687,4,1,11,0,6,0,1,0.325,0.326383,0.545417,0.179729,1313,17
688,4,1,11,0,0,0,1,0.3425,0.337746,0.692917,0.227612,922,18
689,4,1,11,0,1,1,2,0.380833,0.375621,0.623333,0.235067,449,19
690,4,1,11,0,2,1,2,0.374167,0.380667,0.685,0.082725,534,20
691,4,1,11,0,3,1,1,0.353333,0.364892,0.61375,0.103246,615,21
692,4,1,11,1,4,0,1,0.34,0.350371,0.580417,0.0528708,955,22
693,4,1,11,0,5,1,1,0.368333,0.378779,0.56875,0.148021,1603,23
694,4,1,11,0,6,0,1,0.278333,0.248742,0.404583,0.376871,532,24
695,4,1,11,0,0,0,1,0.245833,0.257583,0.468333,0.1505,309,25
696,4,1,11,0,1,1,1,0.313333,0.339004,0.535417,0.04665,337,26
697,4,1,11,0,2,1,2,0.291667,0.281558,0.786667,0.237562,123,27
698,4,1,11,0,3,1,1,0.296667,0.289762,0.50625,0.210821,198,28
699,4,1,11,0,4,1,1,0.28087,0.298422,0.555652,0.115522,243,29
700,4,1,11,0,5,1,1,0.298333,0.323867,0.649583,0.0584708,362,30
701,4,1,12,0,6,0,2,0.298333,0.316904,0.806667,0.0597042,951,1
702,4,1,12,0,0,0,2,0.3475,0.359208,0.823333,0.124379,892,2
703,4,1,12,0,1,1,1,0.4525,0.455796,0.7675,0.0827208,555,3
704,4,1,12,0,2,1,1,0.475833,0.469054,0.73375,0.174129,551,4
705,4,1,12,0,3,1,1,0.438333,0.428012,0.485,0.324021,331,5
706,4,1,12,0,4,1,1,0.255833,0.258204,0.50875,0.174754,340,6
707,4,1,12,0,5,1,2,0.320833,0.321958,0.764167,0.1306,349,7
708,4,1,12,0,6,0,2,0.381667,0.389508,0.91125,0.101379,1153,8
709,4,1,12,0,0,0,2,0.384167,0.390146,0.905417,0.157975,441,9
710,4,1,12,0,1,1,2,0.435833,0.435575,0.925,0.190308,329,10
711,4,1,12,0,2,1,2,0.353333,0.338363,0.596667,0.296037,282,11
712,4,1,12,0,3,1,2,0.2975,0.297338,0.538333,0.162937,310,12
713,4,1,12,0,4,1,1,0.295833,0.294188,0.485833,0.174129,425,13
714,4,1,12,0,5,1,1,0.281667,0.294192,0.642917,0.131229,429,14
715,4,1,12,0,6,0,1,0.324167,0.338383,0.650417,0.10635,767,15
716,4,1,12,0,0,0,2,0.3625,0.369938,0.83875,0.100742,538,16
717,4,1,12,0,1,1,2,0.393333,0.4015,0.907083,0.0982583,212,17
718,4,1,12,0,2,1,1,0.410833,0.409708,0.66625,0.221404,433,18
719,4,1,12,0,3,1,1,0.3325,0.342162,0.625417,0.184092,333,19
720,4,1,12,0,4,1,2,0.33,0.335217,0.667917,0.132463,314,20
721,1,1,12,0,5,1,2,0.326667,0.301767,0.556667,0.374383,221,21
722,1,1,12,0,6,0,1,0.265833,0.236113,0.44125,0.407346,205,22
723,1,1,12,0,0,0,1,0.245833,0.259471,0.515417,0.133083,408,23
724,1,1,12,0,1,1,2,0.231304,0.2589,0.791304,0.0772304,174,24
725,1,1,12,1,2,0,2,0.291304,0.294465,0.734783,0.168726,440,25
726,1,1,12,0,3,1,3,0.243333,0.220333,0.823333,0.316546,9,26
727,1,1,12,0,4,1,2,0.254167,0.226642,0.652917,0.350133,247,27
728,1,1,12,0,5,1,2,0.253333,0.255046,0.59,0.155471,644,28
729,1,1,12,0,6,0,2,0.253333,0.2424,0.752917,0.124383,159,29
730,1,1,12,0,0,0,1,0.255833,0.2317,0.483333,0.350754,364,30
731,1,1,12,0,1,1,2,0.215833,0.223487,0.5775,0.154846,439,31
