instant,dteday,season,yr,mnth,holiday,weekday,workingday,weathersit,temp,atemp,hum,windspeed,rentals
704,12/4/2012,4,1,12,0,2,1,1,0.475833,0.469054,0.73375,0.174129,551
34,2/3/2011,1,0,2,0,4,1,1,0.186957,0.177878,0.437826,0.277752,61
301,10/28/2011,4,0,10,0,5,1,2,0.330833,0.318812,0.585833,0.229479,456
457,4/1/2012,2,1,4,0,0,0,2,0.425833,0.417287,0.67625,0.172267,2347
634,9/25/2012,4,1,9,0,2,1,1,0.55,0.544179,0.57,0.236321,845
558,7/11/2012,3,1,7,0,3,1,1,0.716667,0.650271,0.633333,0.151733,975
40,2/9/2011,1,0,2,0,3,1,2,0.134783,0.144283,0.494783,0.188839,53
357,12/23/2011,1,0,12,0,5,1,1,0.373333,0.377513,0.68625,0.274246,163
560,7/13/2012,3,1,7,0,5,1,2,0.731667,0.667933,0.485833,0.08085,1511
515,5/29/2012,2,1,5,0,2,1,1,0.7225,0.672992,0.684583,0.2954,880
730,12/30/2012,1,1,12,0,0,0,1,0.255833,0.2317,0.483333,0.350754,364
356,12/22/2011,1,0,12,0,4,1,2,0.423333,0.426121,0.7575,0.047275,227
165,6/14/2011,2,0,6,0,2,1,1,0.604167,0.591546,0.507083,0.269283,727
698,11/28/2012,4,1,11,0,3,1,1,0.296667,0.289762,0.50625,0.210821,198
67,3/8/2011,1,0,3,0,2,1,1,0.2925,0.3024,0.420833,0.12065,316
79,3/20/2011,1,0,3,0,0,0,1,0.3325,0.32575,0.47375,0.207721,1047
73,3/14/2011,1,0,3,0,1,1,1,0.325217,0.332,0.496957,0.136926,359
644,10/5/2012,4,1,10,0,5,1,1,0.615,0.580187,0.6275,0.10635,1516
182,7/1/2011,3,0,7,0,5,1,1,0.7225,0.652162,0.39625,0.102608,1246
381,1/16/2012,1,1,1,1,1,0,1,0.19,0.190663,0.5225,0.231358,217
607,8/29/2012,3,1,8,0,3,1,1,0.685,0.635733,0.552083,0.112562,1177
546,6/29/2012,3,1,6,0,5,1,1,0.834167,0.786613,0.48875,0.165417,829
468,4/12/2012,2,1,4,0,4,1,1,0.3975,0.387604,0.46625,0.290429,663
66,3/7/2011,1,0,3,0,1,1,1,0.261739,0.238461,0.551304,0.341352,244
55,2/24/2011,1,0,2,0,4,1,2,0.295652,0.289191,0.697391,0.250496,100
236,8/24/2011,3,0,8,0,3,1,1,0.673333,0.630692,0.605,0.253108,949
82,3/23/2011,2,0,3,0,3,1,2,0.346957,0.337939,0.839565,0.234261,203
633,9/24/2012,4,1,9,0,1,1,1,0.514167,0.502513,0.492917,0.142404,1001
405,2/9/2012,1,1,2,0,4,1,1,0.265,0.261988,0.562083,0.194037,163
718,12/18/2012,4,1,12,0,2,1,1,0.410833,0.409708,0.66625,0.221404,433
345,12/11/2011,4,0,12,0,0,0,1,0.220833,0.253154,0.49,0.0665417,377
287,10/14/2011,4,0,10,0,5,1,2,0.550833,0.529675,0.71625,0.223883,529
481,4/25/2012,2,1,4,0,3,1,1,0.476667,0.470317,0.427917,0.118792,655
524,6/7/2012,2,1,6,0,4,1,1,0.6025,0.569442,0.567083,0.15735,1038
466,4/10/2012,2,1,4,0,2,1,1,0.446667,0.436233,0.435,0.249375,819
449,3/24/2012,2,1,3,0,6,0,2,0.5025,0.486733,0.885417,0.192783,1033
602,8/24/2012,3,1,8,0,5,1,2,0.7025,0.6471,0.615,0.0721458,1325
603,8/25/2012,3,1,8,0,6,0,2,0.661667,0.618696,0.712917,0.244408,1829
327,11/23/2011,4,0,11,0,3,1,2,0.440833,0.430537,0.757917,0.335825,112
11,1/11/2011,1,0,1,0,2,1,2,0.169091,0.191464,0.686364,0.122132,43
110,4/20/2011,2,0,4,0,3,1,1,0.595,0.564392,0.614167,0.241925,613
431,3/6/2012,1,1,3,0,2,1,1,0.258333,0.255042,0.456667,0.200875,221
579,8/1/2012,3,1,8,0,3,1,1,0.7175,0.667308,0.6775,0.141179,1074
156,6/5/2011,2,0,6,0,0,0,2,0.648333,0.616804,0.6525,0.138692,1685
570,7/23/2012,3,1,7,0,1,1,1,0.741667,0.690017,0.694167,0.138683,1135
341,12/7/2011,4,0,12,0,3,1,3,0.41,0.400246,0.970417,0.266175,50
199,7/18/2011,3,0,7,0,1,1,1,0.746667,0.703925,0.65125,0.215804,841
437,3/12/2012,1,1,3,0,1,1,1,0.466667,0.459592,0.489167,0.207713,838
514,5/28/2012,2,1,5,1,1,0,1,0.7125,0.6793,0.67625,0.196521,2557
450,3/25/2012,2,1,3,0,0,0,2,0.4375,0.437488,0.880833,0.220775,1532
248,9/5/2011,3,0,9,1,1,0,2,0.673333,0.625646,0.790417,0.212696,1236
352,12/18/2011,4,0,12,0,0,0,1,0.238333,0.245579,0.58625,0.169779,220
358,12/24/2011,1,0,12,0,6,0,1,0.3025,0.299242,0.5425,0.190304,155
211,7/30/2011,3,0,7,0,6,0,1,0.804167,0.728537,0.465833,0.168537,1559
228,8/16/2011,3,0,8,0,2,1,1,0.700833,0.645837,0.578333,0.236329,721
245,9/2/2011,3,0,9,0,5,1,2,0.643333,0.604808,0.727083,0.139929,875
266,9/23/2011,4,0,9,0,5,1,2,0.609167,0.522125,0.9725,0.0783667,258
121,5/1/2011,2,0,5,0,0,0,2,0.451667,0.448204,0.762083,0.106354,1138
149,5/29/2011,2,0,5,0,0,0,1,0.6675,0.61555,0.81875,0.213938,2355
581,8/3/2012,3,1,8,0,5,1,2,0.765833,0.722867,0.6425,0.215792,1328
444,3/19/2012,1,1,3,0,1,1,1,0.545,0.532821,0.72875,0.162317,982
543,6/26/2012,3,1,6,0,2,1,1,0.630833,0.594704,0.373333,0.347642,1077
98,4/8/2011,2,0,4,0,5,1,2,0.335833,0.324479,0.83625,0.226992,172
596,8/18/2012,3,1,8,0,6,0,1,0.678333,0.618071,0.603333,0.177867,2827
598,8/20/2012,3,1,8,0,1,1,2,0.635833,0.595967,0.734167,0.129979,1026
537,6/20/2012,2,1,6,0,3,1,1,0.7825,0.720975,0.592083,0.113812,872
551,7/4/2012,3,1,7,1,3,0,1,0.789167,0.732337,0.53875,0.13495,2562
212,7/31/2011,3,0,7,0,0,0,1,0.805833,0.729796,0.480833,0.164813,1524
64,3/5/2011,1,0,3,0,6,0,2,0.384167,0.378779,0.789167,0.251871,640
625,9/16/2012,3,1,9,0,0,0,1,0.58,0.563125,0.57,0.0901833,2166
78,3/19/2011,1,0,3,0,6,0,1,0.4725,0.466525,0.379167,0.368167,1424
50,2/19/2011,1,0,2,0,6,0,1,0.399167,0.391404,0.187917,0.507463,532
339,12/5/2011,4,0,12,0,1,1,2,0.385833,0.393925,0.827083,0.0622083,233
119,4/29/2011,2,0,4,0,5,1,1,0.51,0.497463,0.457083,0.240063,878
424,2/28/2012,1,1,2,0,2,1,1,0.359167,0.353525,0.395833,0.193417,229
102,4/12/2011,2,0,4,0,2,1,2,0.5025,0.493054,0.739167,0.274879,257
676,11/6/2012,4,1,11,0,2,1,1,0.280833,0.281567,0.567083,0.173513,466
291,10/18/2011,4,0,10,0,2,1,2,0.5325,0.522721,0.701667,0.110087,637
24,1/24/2011,1,0,1,0,1,1,1,0.0973913,0.11793,0.491739,0.15833,86
159,6/8/2011,2,0,6,0,3,1,1,0.775833,0.727279,0.622083,0.136817,676
727,12/27/2012,1,1,12,0,4,1,2,0.254167,0.226642,0.652917,0.350133,247
87,3/28/2011,2,0,3,0,1,1,1,0.264348,0.257574,0.302174,0.212204,222
700,11/30/2012,4,1,11,0,5,1,1,0.298333,0.323867,0.649583,0.0584708,362
668,10/29/2012,4,1,10,0,1,1,3,0.44,0.4394,0.88,0.3582,2
336,12/2/2011,4,0,12,0,5,1,1,0.314167,0.331433,0.625833,0.100754,268
435,3/10/2012,1,1,3,0,6,0,1,0.2875,0.277767,0.350417,0.22575,968
267,9/24/2011,4,0,9,0,6,0,2,0.606667,0.564412,0.8625,0.0783833,1776
328,11/24/2011,4,0,11,1,4,0,1,0.373333,0.372471,0.549167,0.167304,560
343,12/9/2011,4,0,12,0,5,1,1,0.290833,0.317542,0.695833,0.0827167,261
353,12/19/2011,4,0,12,0,1,1,1,0.276667,0.280933,0.6375,0.172896,260
31,1/31/2011,1,0,1,0,1,1,2,0.180833,0.18625,0.60375,0.187192,42
606,8/28/2012,3,1,8,0,2,1,1,0.728333,0.66605,0.62,0.190925,935
679,11/9/2012,4,1,11,0,5,1,1,0.361667,0.355413,0.540833,0.214558,709
426,3/1/2012,1,1,3,0,4,1,1,0.485833,0.475371,0.615417,0.226987,325
728,12/28/2012,1,1,12,0,5,1,2,0.253333,0.255046,0.59,0.155471,644
400,2/4/2012,1,1,2,0,6,0,2,0.264167,0.272725,0.779583,0.121896,384
255,9/12/2011,3,0,9,0,1,1,1,0.644348,0.60213,0.692174,0.088913,690
369,1/4/2012,1,1,1,0,3,1,2,0.1075,0.119337,0.414583,0.1847,95
134,5/14/2011,2,0,5,0,6,0,2,0.520833,0.500629,0.9225,0.13495,902
175,6/24/2011,3,0,6,0,5,1,1,0.724167,0.656583,0.573333,0.222025,969
608,8/30/2012,3,1,8,0,4,1,1,0.706667,0.652779,0.590417,0.0771167,1172
219,8/7/2011,3,0,8,0,0,0,1,0.7425,0.715292,0.752917,0.201487,1298
528,6/11/2012,2,1,6,0,1,1,2,0.720833,0.659721,0.587917,0.207713,1017
85,3/26/2011,2,0,3,0,6,0,1,0.265833,0.257571,0.394167,0.209571,981
80,3/21/2011,2,0,3,0,1,1,2,0.430435,0.409735,0.737391,0.288783,401
719,12/19/2012,4,1,12,0,3,1,1,0.3325,0.342162,0.625417,0.184092,333
361,12/27/2011,1,0,12,0,2,1,2,0.325,0.327633,0.7625,0.18845,103
351,12/17/2011,4,0,12,0,6,0,2,0.258333,0.249371,0.560833,0.243167,275
573,7/26/2012,3,1,7,0,4,1,1,0.776667,0.739263,0.596667,0.284813,1036
32,2/1/2011,1,0,2,0,2,1,2,0.192174,0.23453,0.829565,0.053213,47
221,8/9/2011,3,0,8,0,2,1,1,0.775,0.724121,0.570417,0.151121,907
651,10/12/2012,4,1,10,0,5,1,1,0.4375,0.433071,0.539167,0.235092,1060
276,10/3/2011,4,0,10,0,1,1,2,0.384167,0.392046,0.760833,0.0833458,330
630,9/21/2012,3,1,9,0,5,1,1,0.599167,0.571971,0.66875,0.154229,1250
446,3/21/2012,2,1,3,0,3,1,2,0.531667,0.513258,0.82125,0.0895583,1122
260,9/17/2011,3,0,9,0,6,0,2,0.491667,0.478512,0.718333,0.189675,1434
56,2/25/2011,1,0,2,0,5,1,2,0.364348,0.350461,0.712174,0.346539,120
370,1/5/2012,1,1,1,0,4,1,1,0.265833,0.278412,0.524167,0.129987,140
197,7/16/2011,3,0,7,0,6,0,1,0.686667,0.638263,0.585,0.208342,2418
376,1/11/2012,1,1,1,0,3,1,2,0.274167,0.282821,0.8475,0.131221,92
469,4/13/2012,2,1,4,0,5,1,1,0.4425,0.431808,0.408333,0.155471,1252
320,11/16/2011,4,0,11,0,3,1,3,0.456667,0.451988,0.93,0.136829,145
77,3/18/2011,1,0,3,0,5,1,1,0.54,0.527009,0.525217,0.231017,884
3,1/3/2011,1,0,1,0,1,1,1,0.196364,0.189405,0.437273,0.248309,120
332,11/28/2011,4,0,11,0,1,1,1,0.503478,0.490122,0.743043,0.142122,253
691,11/21/2012,4,1,11,0,3,1,1,0.353333,0.364892,0.61375,0.103246,615
200,7/19/2011,3,0,7,0,2,1,1,0.776667,0.747479,0.650417,0.1306,752
315,11/11/2011,4,0,11,1,5,0,1,0.324167,0.306817,0.44625,0.314675,440
61,3/2/2011,1,0,3,0,3,1,1,0.335,0.320071,0.449583,0.307833,231
569,7/22/2012,3,1,7,0,0,0,2,0.6675,0.623125,0.7625,0.0939208,2544
303,10/30/2011,4,0,10,0,0,0,1,0.319167,0.321329,0.62375,0.176617,885
307,11/3/2011,4,0,11,0,4,1,1,0.408333,0.405921,0.702083,0.136817,318
684,11/14/2012,4,1,11,0,3,1,1,0.289167,0.281563,0.552083,0.199625,373
712,12/12/2012,4,1,12,0,3,1,2,0.2975,0.297338,0.538333,0.162937,310
235,8/23/2011,3,0,8,0,2,1,1,0.640833,0.606067,0.455417,0.146763,1281
91,4/1/2011,2,0,4,0,5,1,2,0.3,0.283454,0.68625,0.258708,307
474,4/18/2012,2,1,4,0,3,1,2,0.463333,0.457038,0.569167,0.167912,347
470,4/14/2012,2,1,4,0,6,0,1,0.495,0.487996,0.502917,0.190917,2795
70,3/11/2011,1,0,3,0,5,1,2,0.316522,0.305,0.649565,0.23297,247
213,8/1/2011,3,0,8,0,1,1,1,0.771667,0.703292,0.550833,0.156717,729
132,5/12/2011,2,0,5,0,4,1,1,0.535,0.523363,0.7475,0.189667,695
45,2/14/2011,1,0,2,0,1,1,1,0.415,0.39835,0.375833,0.417908,208
71,3/12/2011,1,0,3,0,6,0,1,0.329167,0.32575,0.594583,0.220775,724
193,7/12/2011,3,0,7,0,2,1,1,0.794167,0.739275,0.559167,0.200254,662
329,11/25/2011,4,0,11,0,5,1,1,0.375,0.380671,0.64375,0.0988958,1095
166,6/15/2011,2,0,6,0,3,1,1,0.626667,0.587754,0.471667,0.167912,769
136,5/16/2011,2,0,5,0,1,1,1,0.5775,0.550512,0.787917,0.126871,773
683,11/13/2012,4,1,11,0,2,1,2,0.343333,0.323225,0.662917,0.342046,327
251,9/8/2011,3,0,9,0,4,1,3,0.633913,0.555361,0.939565,0.192748,153
337,12/3/2011,4,0,12,0,6,0,1,0.299167,0.310604,0.612917,0.0957833,706
261,9/18/2011,3,0,9,0,0,0,1,0.5075,0.490537,0.695,0.178483,1353
544,6/27/2012,3,1,6,0,3,1,1,0.6975,0.640792,0.36,0.271775,1077
137,5/17/2011,2,0,5,0,2,1,2,0.561667,0.538529,0.837917,0.277354,678
216,8/4/2011,3,0,8,0,4,1,2,0.71,0.664788,0.7575,0.19715,799
7,1/7/2011,1,0,1,0,5,1,2,0.196522,0.208839,0.498696,0.168726,148
324,11/20/2011,4,0,11,0,0,0,2,0.463333,0.457058,0.684583,0.18595,787
399,2/3/2012,1,1,2,0,5,1,1,0.313333,0.309346,0.526667,0.178496,310
542,6/25/2012,3,1,6,0,1,1,1,0.715833,0.654042,0.504167,0.300383,1139
292,10/19/2011,4,0,10,0,3,1,3,0.541739,0.513848,0.895217,0.243339,254
146,5/26/2011,2,0,5,0,4,1,1,0.708333,0.654688,0.6775,0.199642,758
483,4/27/2012,2,1,4,0,5,1,1,0.4575,0.452637,0.400833,0.347633,1014
133,5/13/2011,2,0,5,0,5,1,2,0.5125,0.4943,0.863333,0.179725,692
312,11/8/2011,4,0,11,0,2,1,1,0.408333,0.412246,0.721667,0.0690375,376
699,11/29/2012,4,1,11,0,4,1,1,0.28087,0.298422,0.555652,0.115522,243
42,2/11/2011,1,0,2,0,5,1,1,0.189091,0.213509,0.506364,0.10855,149
109,4/19/2011,2,0,4,0,2,1,2,0.505833,0.489258,0.665833,0.157971,409
440,3/15/2012,1,1,3,0,4,1,1,0.5575,0.532825,0.579583,0.149883,1005
57,2/26/2011,1,0,2,0,6,0,1,0.2825,0.282192,0.537917,0.186571,424
334,11/30/2011,4,0,11,0,3,1,1,0.325,0.311221,0.613333,0.271158,188
209,7/28/2011,3,0,7,0,4,1,1,0.779167,0.7399,0.583333,0.178479,606
599,8/21/2012,3,1,8,0,2,1,1,0.649167,0.601025,0.67375,0.0727708,1081
595,8/17/2012,3,1,8,0,5,1,1,0.723333,0.2424,0.570833,0.231354,1483
25,1/25/2011,1,0,1,0,2,1,2,0.223478,0.234526,0.616957,0.129796,186
406,2/10/2012,1,1,2,0,5,1,2,0.280833,0.293558,0.54,0.116929,227
434,3/9/2012,1,1,3,0,5,1,2,0.410833,0.397083,0.407083,0.4148,447
465,4/9/2012,2,1,4,0,1,1,1,0.489167,0.476638,0.3175,0.358196,905
432,3/7/2012,1,1,3,0,3,1,1,0.404167,0.3851,0.513333,0.345779,432
539,6/22/2012,3,1,6,0,5,1,1,0.7775,0.724121,0.57375,0.182842,964
111,4/21/2011,2,0,4,0,4,1,1,0.459167,0.453892,0.407083,0.325258,745
83,3/24/2011,2,0,3,0,4,1,2,0.285,0.270833,0.805833,0.243787,166
52,2/21/2011,1,0,2,1,1,0,2,0.303333,0.284075,0.605,0.307846,195
523,6/6/2012,2,1,6,0,3,1,1,0.554167,0.542292,0.61125,0.077125,1027
586,8/8/2012,3,1,8,0,3,1,2,0.75,0.707717,0.672917,0.1107,1263
689,11/19/2012,4,1,11,0,1,1,2,0.380833,0.375621,0.623333,0.235067,449
650,10/11/2012,4,1,10,0,4,1,1,0.435,0.431167,0.463333,0.181596,834
638,9/29/2012,4,1,9,0,6,0,1,0.5425,0.530296,0.542917,0.227604,2589
526,6/9/2012,2,1,6,0,6,0,1,0.710833,0.648367,0.437083,0.144287,2708
368,1/3/2012,1,1,1,0,2,1,1,0.15,0.126275,0.44125,0.365671,89
690,11/20/2012,4,1,11,0,2,1,2,0.374167,0.380667,0.685,0.082725,534
19,1/19/2011,1,0,1,0,3,1,2,0.292174,0.298422,0.741739,0.208317,78
532,6/15/2012,2,1,6,0,5,1,1,0.639167,0.599754,0.589583,0.176617,1563
412,2/16/2012,1,1,2,0,4,1,2,0.316667,0.330162,0.752917,0.091425,74
293,10/20/2011,4,0,10,0,4,1,1,0.475833,0.466525,0.63625,0.422275,471
482,4/26/2012,2,1,4,0,4,1,2,0.498333,0.483583,0.756667,0.176625,475
84,3/25/2011,2,0,3,0,5,1,1,0.264167,0.256312,0.495,0.230725,300
62,3/3/2011,1,0,3,0,4,1,1,0.198333,0.200133,0.318333,0.225754,123
205,7/24/2011,3,0,7,0,0,0,1,0.83,0.794829,0.550833,0.169171,1050
425,2/29/2012,1,1,2,0,3,1,2,0.344348,0.34847,0.804783,0.179117,65
30,1/30/2011,1,0,1,0,0,0,1,0.216522,0.250322,0.722174,0.0739826,140
232,8/20/2011,3,0,8,0,6,0,1,0.6975,0.648996,0.674167,0.104467,1914
214,8/2/2011,3,0,8,0,2,1,1,0.783333,0.707071,0.49125,0.20585,801
488,5/2/2012,2,1,5,0,3,1,1,0.564167,0.537896,0.797083,0.138058,667
713,12/13/2012,4,1,12,0,4,1,1,0.295833,0.294188,0.485833,0.174129,425
183,7/2/2011,3,0,7,0,6,0,1,0.738333,0.667308,0.444583,0.115062,2204
627,9/18/2012,3,1,9,0,2,1,2,0.623333,0.565067,0.8725,0.357587,371
249,9/6/2011,3,0,9,0,2,1,3,0.54,0.5152,0.886957,0.343943,204
519,6/2/2012,2,1,6,0,6,0,1,0.583333,0.566288,0.549167,0.186562,2795
363,12/29/2011,1,0,12,0,4,1,1,0.248333,0.263892,0.574167,0.119412,254
665,10/26/2012,4,1,10,0,5,1,2,0.545833,0.52275,0.807083,0.132467,1182
550,7/3/2012,3,1,7,0,2,1,1,0.780833,0.70265,0.492083,0.126237,1052
655,10/16/2012,4,1,10,0,2,1,1,0.468333,0.460846,0.558333,0.182221,922
210,7/29/2011,3,0,7,0,5,1,1,0.838333,0.785967,0.5425,0.174138,670
451,3/26/2012,2,1,3,0,1,1,1,0.445833,0.43875,0.477917,0.386821,795
409,2/13/2012,1,1,2,0,1,1,1,0.2225,0.227913,0.41125,0.167283,94
177,6/26/2011,3,0,6,0,0,0,1,0.68,0.637629,0.513333,0.0945333,1920
300,10/27/2011,4,0,10,0,4,1,2,0.47,0.457046,0.812917,0.197763,240
517,5/31/2012,2,1,5,0,4,1,1,0.68,0.631329,0.492917,0.195279,1100
534,6/17/2012,2,1,6,0,0,0,1,0.5925,0.571975,0.59875,0.144904,2634
265,9/22/2011,3,0,9,0,4,1,2,0.628333,0.554963,0.902083,0.128125,555
138,5/18/2011,2,0,5,0,3,1,2,0.55,0.527158,0.87,0.201492,536
